"all_MGD","top_20_MGD","top_10_MGD"
1.75674383398771,0.84455434913242,0.486993092237443
